---INSERT DEPARTAMENTO
INSERT INTO "DBMERCANCIAS"."DEPARTAMENTO" ("CODDPTO","NOMBRE_DEPART") VALUES (01,'AMAZONAS'),(02,'ANCASH'),(03,'APURIMAC'),(04,'AREQUIPA'),(05,'AYACUCHO'),(06,'CAJAMARCA'),(07,'CALLAO'),(08,'CUSCO'),(09,'HUANCAVELICA'),(10,'HUANUCO'),(11,'ICA'),(12,'JUNIN'),(13,'LA LIBERTAD'),(14,'LAMBAYEQUE'),(15,'LIMA'),(16,'LORETO'),(17,'MADRE DE DIOS'),(18,'MOQUEGUA'),(19,'PASCO'),(20,'PIURA'),(21,'PUNO'),(22,'SAN MARTIN'),(23,'TACNA'),(24,'TUMBES'),(25,'UCAYALI');
---INSERT PROVINCIA
INSERT INTO "DBMERCANCIAS"."PROVINCIA"("CODPROV","CODDPTO","NOMBRE_PROVINCIA") VALUES (001,01,'CHACHAPOYAS'),(002,01,'BAGUA'),(003,01,'BONGARA'),(004,01,'CONDORCANQUI'),(005,01,'LUYA'),(006,01,'RODRIGUEZ DE MENDOZA'),(007,01,'UTCUBAMBA'),(008,02,'HUARAZ'),(009,02,'AIJA'),(0010,02,'ANTONIO RAYMONDI'),(0011,02,'ASUNCION'),(0012,02,'BOLOGNESI'),(0013,02,'CARHUAZ'),(0014,02,'CARLOS FERMIN FITZCARRALD'),(0015,02,'CASMA'),(0016,02,'CORONGO'),(0017,02,'HUARI'),(0018,02,'HUARMEY'),(0019,02,'HUAYLAS'),(0020,02,'MARISCAL LUZURIAGA'),(0021,02,'OCROS'),(0022,02,'PALLASCA'),(0023,02,'POMABAMBA'),(0024,02,'RECUAY'),(0025,02,'SANTA'),(0026,02,'SIHUAS'),(0027,02,'YUNGAY'),(0028,03,'ABANCAY'),(0029,03,'ANDAHUAYLAS'),(0030,03,'ANTABAMBA'),(0031,03,'AYMARAES'),(0032,03,'COTABAMBAS'),(0033,03,'CHINCHEROS'),(0034,03,'GRAU'),(0035,04,'AREQUIPA'),(0036,04,'CAMANA'),(0037,04,'CARAVELI'),(0038,04,'CASTILLA'),(0039,04,'CAYLLOMA'),(0040,04,'CONDESUYOS'),(0041,04,'ISLAY'),(0042,04,'LA UNION'),(0043,05,'HUAMANGA'),(0044,05,'CANGALLO'),(0045,05,'HUANCA SANCOS'),(0046,05,'HUANTA'),(0047,05,'LA MAR'),(0048,05,'LUCANAS'),(0049,05,'PARINACOCHAS'),(0050,05,'PAUCAR DEL SARA SARA'),(0051,05,'SUCRE'),(0052,05,'VICTOR FAJARDO'),(0053,05,'VILCAS HUAMAN'),(0054,06,'CAJAMARCA'),(0055,06,'CAJABAMBA'),(0056,06,'CELENDIN'),(0057,06,'CHOTA'),(0058,06,'CONTUMAZA'),(0059,06,'CUTERVO'),(0060,06,'HUALGAYOC'),(0061,06,'JAEN'),(0062,06,'SAN IGNACIO'),(0063,06,'SAN MARCOS'),(0064,06,'SAN MIGUEL'),(0065,06,'SAN PABLO'),(0066,06,'SANTA CRUZ'),(0067,07,'CALLAO'),(0068,08,'CUSCO'),(0069,08,'ACOMAYO'),(0070,08,'ANTA'),(0071,08,'CALCA'),(0072,08,'CANAS'),(0073,08,'CANCHIS'),(0074,08,'CHUMBIVILCAS'),(0075,08,'ESPINAR'),(0076,08,'LA CONVENCION'),(0077,08,'PARURO'),(0078,08,'PAUCARTAMBO'),(0079,08,'QUISPICANCHI'),(0080,08,'URUBAMBA'),(0081,09,'HUANCAVELICA'),(0082,09,'ACOBAMBA'),(0083,09,'ANGARAES'),(0084,09,'CASTROVIRREYNA'),(0085,09,'CHURCAMPA'),(0086,09,'HUAYTARA'),(0087,09,'TAYACAJA'),(0088,10,'HUANUCO'),(0089,10,'AMBO'),(0090,10,'DOS DE MAYO'),(0091,10,'HUACAYBAMBA'),(0092,10,'HUAMALIES'),(0093,10,'LEONCIO PRADO'),(0094,10,'MARAÑON'),(0095,10,'PACHITEA'),(0096,10,'PUERTO INCA'),(0097,10,'LAURICOCHA'),(0098,10,'YAROWILCA'),(0099,11,'ICA'),(00100,11,'CHINCHA'),(00101,11,'NAZCA'),(00102,11,'PALPA'),(00103,11,'PISCO'),(00104,12,'HUANCAYO'),(00105,12,'CONCEPCION'),(00106,12,'CHANCHAMAYO'),(00107,12,'JAUJA'),(00108,12,'JUNIN'),(00109,12,'SATIPO'),(00110,12,'TARMA'),(00111,12,'YAULI'),(00112,12,'CHUPACA'),(00113,13,'TRUJILLO'),(00114,13,'ASCOPE'),(00115,13,'BOLIVAR'),(00116,13,'CHEPEN'),(00117,13,'JULCAN'),(00118,13,'OTUZCO'),(00119,13,'PACASMAYO'),(00120,13,'PATAZ'),(00121,13,'SANCHEZ CARRION'),(00122,13,'SANTIAGO DE CHUCO'),(00123,13,'GRAN CHIMU'),(00124,13,'VIRU'),(00125,14,'CHICLAYO'),(00126,14,'FERREÑAFE'),(00127,14,'LAMBAYEQUE'),(00128,15,'LIMA'),(00129,15,'BARRANCA'),(00130,15,'CAJATAMBO'),(00131,15,'CANTA'),(00132,15,'CAÑETE'),(00133,15,'HUARAL'),(00134,15,'HUAROCHIRI'),(00135,15,'HUAURA'),(00136,15,'OYON'),(00137,15,'YAUYOS'),(00138,16,'MAYNAS'),(00139,16,'ALTO AMAZONAS'),(00140,16,'LORETO'),(00141,16,'MARISCAL RAMON CASTILLA'),(00142,16,'REQUENA'),(00143,16,'UCAYALI'),(00144,16,'DATEM DEL MARAÑON'),(00145,17,'TAMBOPATA'),(00146,17,'MANU'),(00147,17,'TAHUAMANU'),(00148,18,'MARISCAL NIETO'),(00149,18,'GENERAL SANCHEZ CERRO'),(00150,18,'ILO'),(00151,19,'PASCO'),(00152,19,'DANIEL ALCIDES CARRION'),(00153,19,'OXAPAMPA'),(00154,20,'PIURA'),(00155,20,'AYABACA'),(00156,20,'HUANCABAMBA'),(00157,20,'MORROPON'),(00158,20,'PAITA'),(00159,20,'SULLANA'),(00160,20,'TALARA'),(00161,20,'SECHURA'),(00162,21,'PUNO'),(00163,21,'AZANGARO'),(00164,21,'CARABAYA'),(00165,21,'CHUCUITO'),(00166,21,'EL COLLAO'),(00167,21,'HUANCANE'),(00168,21,'LAMPA'),(00169,21,'MELGAR'),(00170,21,'MOHO'),(00171,21,'SAN ANTONIO DE PUTINA'),(00172,21,'SAN ROMAN'),(00173,21,'SANDIA'),(00174,21,'YUNGUYO'),(00175,22,'MOYOBAMBA'),(00176,22,'BELLAVISTA'),(00177,22,'EL DORADO'),(00178,22,'HUALLAGA'),(00179,22,'LAMAS'),(00180,22,'MARISCAL CACERES'),(00181,22,'PICOTA'),(00182,22,'RIOJA'),(00183,22,'SAN MARTIN'),(00184,22,'TOCACHE'),(00185,23,'TACNA'),(00186,23,'CANDARAVE'),(00187,23,'JORGE BASADRE'),(00188,23,'TARATA'),(00189,24,'TUMBES'),(00190,24,'CONTRALMIRANTE VILLAR'),(00191,24,'ZARUMILLA'),(00192,25,'CORONEL PORTILLO'),(00193,25,'ATALAYA'),(00194,25,'PADRE ABAD'),(00195,25,'PURUS');
---INSERT DISTRITO
INSERT INTO "DBMERCANCIAS"."DISTRITO"("CODDIST","CODPROV","NOMBRE_DISTRITO" )VALUES (1,1,'CHACHAPOYAS'),(2,1,'ASUNCION'),(3,1,'BALSAS'),(4,1,'CHETO'),(5,1,'CHILIQUIN'),(6,1,'CHUQUIBAMBA'),(7,1,'GRANADA'),(8,1,'HUANCAS'),(9,1,'LA JALCA'),(10,1,'LEIMEBAMBA'),(11,1,'LEVANTO'),(12,1,'MAGDALENA'),(13,1,'MARISCAL CASTILLA'),(14,1,'MOLINOPAMPA'),(15,1,'MONTEVIDEO'),(16,1,'OLLEROS'),(17,1,'QUINJALCA'),(18,1,'SAN FRANCISCO DE DAGUAS'),(19,1,'SAN ISIDRO DE MAINO'),(20,1,'SOLOCO'),(21,1,'SONCHE'),(22,2,'BAGUA'),(23,2,'ARAMANGO'),(24,2,'COPALLIN'),(25,2,'EL PARCO'),(26,2,'IMAZA'),(27,2,'LA PECA'),(28,3,'JUMBILLA'),(29,3,'CHISQUILLA'),(30,3,'CHURUJA'),(31,3,'COROSHA'),(32,3,'CUISPES'),(33,3,'FLORIDA'),(34,3,'JAZAN'),(35,3,'RECTA'),(36,3,'SAN CARLOS'),(37,3,'SHIPASBAMBA'),(38,3,'VALERA'),(39,3,'YAMBRASBAMBA'),(40,4,'NIEVA'),(41,4,'EL CENEPA'),(42,4,'RIO SANTIAGO'),(43,5,'LAMUD'),(44,5,'CAMPORREDONDO'),(45,5,'COCABAMBA'),(46,5,'COLCAMAR'),(47,5,'CONILA'),(48,5,'INGUILPATA'),(49,5,'LONGUITA'),(50,5,'LONYA CHICO'),(51,5,'LUYA'),(52,5,'LUYA VIEJO'),(53,5,'MARIA'),(54,5,'OCALLI'),(55,5,'OCUMAL'),(56,5,'PISUQUIA'),(57,5,'PROVIDENCIA'),(58,5,'SAN CRISTOBAL'),(59,5,'SAN FRANCISCO DEL YESO'),(60,5,'SAN JERONIMO'),(61,5,'SAN JUAN DE LOPECANCHA'),(62,5,'SANTA CATALINA'),(63,5,'SANTO TOMAS'),(64,5,'TINGO'),(65,5,'TRITA'),(66,6,'SAN NICOLAS'),(67,6,'CHIRIMOTO'),(68,6,'COCHAMAL'),(69,6,'HUAMBO'),(70,6,'LIMABAMBA'),(71,6,'LONGAR'),(72,6,'MARISCAL BENAVIDES'),(73,6,'MILPUC'),(74,6,'OMIA'),(75,6,'SANTA ROSA'),(76,6,'TOTORA'),(77,6,'VISTA ALEGRE'),(78,7,'BAGUA GRANDE'),(79,7,'CAJARURO'),(80,7,'CUMBA'),(81,7,'EL MILAGRO'),(82,7,'JAMALCA'),(83,7,'LONYA GRANDE'),(84,7,'YAMON'),(85,8,'HUARAZ'),(86,8,'COCHABAMBA'),(87,8,'COLCABAMBA'),(88,8,'HUANCHAY'),(89,8,'INDEPENDENCIA'),(90,8,'JANGAS'),(91,8,'LA LIBERTAD'),(92,8,'OLLEROS'),(93,8,'PAMPAS'),(94,8,'PARIACOTO'),(95,8,'PIRA'),(96,8,'TARICA'),(97,9,'AIJA'),(98,9,'CORIS'),(99,9,'HUACLLAN'),(100,9,'LA MERCED'),(101,9,'SUCCHA'),(102,10,'LLAMELLIN'),(103,10,'ACZO'),(104,10,'CHACCHO'),(105,10,'CHINGAS'),(106,10,'MIRGAS'),(107,10,'SAN JUAN DE RONTOY'),(108,11,'CHACAS'),(109,11,'ACOCHACA'),(110,12,'CHIQUIAN'),(111,12,'ABELARDO PARDO LEZAMETA'),(112,12,'ANTONIO RAYMONDI'),(113,12,'AQUIA'),(114,12,'CAJACAY'),(115,12,'CANIS'),(116,12,'COLQUIOC'),(117,12,'HUALLANCA'),(118,12,'HUASTA'),(119,12,'HUAYLLACAYAN'),(120,12,'LA PRIMAVERA'),(121,12,'MANGAS'),(122,12,'PACLLON'),(123,12,'SAN MIGUEL DE CORPANQUI'),(124,12,'TICLLOS'),(125,13,'CARHUAZ'),(126,13,'ACOPAMPA'),(127,13,'AMASHCA'),(128,13,'ANTA'),(129,13,'ATAQUERO'),(130,13,'MARCARA'),(131,13,'PARIAHUANCA'),(132,13,'SAN MIGUEL DE ACO'),(133,13,'SHILLA'),(134,13,'TINCO'),(135,13,'YUNGAR'),(136,14,'SAN LUIS'),(137,14,'SAN NICOLAS'),(138,14,'YAUYA'),(139,15,'CASMA'),(140,15,'BUENA VISTA ALTA'),(141,15,'COMANDANTE NOEL'),(142,15,'YAUTAN'),(143,16,'CORONGO'),(144,16,'ACO'),(145,16,'BAMBAS'),(146,16,'CUSCA'),(147,16,'LA PAMPA'),(148,16,'YANAC'),(149,16,'YUPAN'),(150,17,'HUARI'),(151,17,'ANRA'),(152,17,'CAJAY'),(153,17,'CHAVIN DE HUANTAR'),(154,17,'HUACACHI'),(155,17,'HUACCHIS'),(156,17,'HUACHIS'),(157,17,'HUANTAR'),(158,17,'MASIN'),(159,17,'PAUCAS'),(160,17,'PONTO'),(161,17,'RAHUAPAMPA'),(162,17,'RAPAYAN'),(163,17,'SAN MARCOS'),(164,17,'SAN PEDRO DE CHANA'),(165,17,'UCO'),(166,18,'HUARMEY'),(167,18,'COCHAPETI'),(168,18,'CULEBRAS'),(169,18,'HUAYAN'),(170,18,'MALVAS'),(171,19,'CARAZ'),(172,19,'HUALLANCA'),(173,19,'HUATA'),(174,19,'HUAYLAS'),(175,19,'MATO'),(176,19,'PAMPAROMAS'),(177,19,'PUEBLO LIBRE'),(178,19,'SANTA CRUZ'),(179,19,'SANTO TORIBIO'),(180,19,'YURACMARCA'),(181,20,'PISCOBAMBA'),(182,20,'CASCA'),(183,20,'ELEAZAR GUZMAN BARRON'),(184,20,'FIDEL OLIVAS ESCUDERO'),(185,20,'LLAMA'),(186,20,'LLUMPA'),(187,20,'LUCMA'),(188,20,'MUSGA'),(189,21,'OCROS'),(190,21,'ACAS'),(191,21,'CAJAMARQUILLA'),(192,21,'CARHUAPAMPA'),(193,21,'COCHAS'),(194,21,'CONGAS'),(195,21,'LLIPA'),(196,21,'SAN CRISTOBAL DE RAJAN'),(197,21,'SAN PEDRO'),(198,21,'SANTIAGO DE CHILCAS'),(199,22,'CABANA'),(200,22,'BOLOGNESI'),(201,22,'CONCHUCOS'),(202,22,'HUACASCHUQUE'),(203,22,'HUANDOVAL'),(204,22,'LACABAMBA'),(205,22,'LLAPO'),(206,22,'PALLASCA'),(207,22,'PAMPAS'),(208,22,'SANTA ROSA'),(209,22,'TAUCA'),(210,23,'POMABAMBA'),(211,23,'HUAYLLAN'),(212,23,'PAROBAMBA'),(213,23,'QUINUABAMBA'),(214,24,'RECUAY'),(215,24,'CATAC'),(216,24,'COTAPARACO'),(217,24,'HUAYLLAPAMPA'),(218,24,'LLACLLIN'),(219,24,'MARCA'),(220,24,'PAMPAS CHICO'),(221,24,'PARARIN'),(222,24,'TAPACOCHA'),(223,24,'TICAPAMPA'),(224,25,'CHIMBOTE'),(225,25,'CACERES DEL PERU'),(226,25,'COISHCO'),(227,25,'MACATE'),(228,25,'MORO'),(229,25,'NEPEÑA'),(230,25,'SAMANCO'),(231,25,'SANTA'),(232,25,'NUEVO CHIMBOTE'),(233,26,'SIHUAS'),(234,26,'ACOBAMBA'),(235,26,'ALFONSO UGARTE'),(236,26,'CASHAPAMPA'),(237,26,'CHINGALPO'),(238,26,'HUAYLLABAMBA'),(239,26,'QUICHES'),(240,26,'RAGASH'),(241,26,'SAN JUAN'),(242,26,'SICSIBAMBA'),(243,27,'YUNGAY'),(244,27,'CASCAPARA'),(245,27,'MANCOS'),(246,27,'MATACOTO'),(247,27,'QUILLO'),(248,27,'RANRAHIRCA'),(249,27,'SHUPLUY'),(250,27,'YANAMA'),(251,28,'ABANCAY'),(252,28,'CHACOCHE'),(253,28,'CIRCA'),(254,28,'CURAHUASI'),(255,28,'HUANIPACA'),(256,28,'LAMBRAMA'),(257,28,'PICHIRHUA'),(258,28,'SAN PEDRO DE CACHORA'),(259,28,'TAMBURCO'),(260,29,'ANDAHUAYLAS'),(261,29,'ANDARAPA'),(262,29,'CHIARA'),(263,29,'HUANCARAMA'),(264,29,'HUANCARAY'),(265,29,'HUAYANA'),(266,29,'KISHUARA'),(267,29,'PACOBAMBA'),(268,29,'PACUCHA'),(269,29,'PAMPACHIRI'),(270,29,'POMACOCHA'),(271,29,'SAN ANTONIO DE CACHI'),(272,29,'SAN JERONIMO'),(273,29,'SAN MIGUEL DE CHACCRAMPA'),(274,29,'SANTA MARIA DE CHICMO'),(275,29,'TALAVERA'),(276,29,'TUMAY HUARACA'),(277,29,'TURPO'),(278,29,'KAQUIABAMBA'),(279,30,'ANTABAMBA'),(280,30,'EL ORO'),(281,30,'HUAQUIRCA'),(282,30,'JUAN ESPINOZA MEDRANO'),(283,30,'OROPESA'),(284,30,'PACHACONAS'),(285,30,'SABAINO'),(286,31,'CHALHUANCA'),(287,31,'CAPAYA'),(288,31,'CARAYBAMBA'),(289,31,'CHAPIMARCA'),(290,31,'COLCABAMBA'),(291,31,'COTARUSE'),(292,31,'HUAYLLO'),(293,31,'JUSTO APU SAHUARAURA'),(294,31,'LUCRE'),(295,31,'POCOHUANCA'),(296,31,'SAN JUAN DE CHACÑA'),(297,31,'SAÑAYCA'),(298,31,'SORAYA'),(299,31,'TAPAIRIHUA'),(300,31,'TINTAY'),(301,31,'TORAYA'),(302,31,'YANACA'),(303,32,'TAMBOBAMBA'),(304,32,'COTABAMBAS'),(305,32,'COYLLURQUI'),(306,32,'HAQUIRA'),(307,32,'MARA'),(308,32,'CHALLHUAHUACHO'),(309,33,'CHINCHEROS'),(310,33,'ANCO_HUALLO'),(311,33,'COCHARCAS'),(312,33,'HUACCANA'),(313,33,'OCOBAMBA'),(314,33,'ONGOY'),(315,33,'URANMARCA'),(316,33,'RANRACANCHA'),(317,34,'CHUQUIBAMBILLA'),(318,34,'CURPAHUASI'),(319,34,'GAMARRA'),(320,34,'HUAYLLATI'),(321,34,'MAMARA'),(322,34,'MICAELA BASTIDAS'),(323,34,'PATAYPAMPA'),(324,34,'PROGRESO'),(325,34,'SAN ANTONIO'),(326,34,'SANTA ROSA'),(327,34,'TURPAY'),(328,34,'VILCABAMBA'),(329,34,'VIRUNDO'),(330,34,'CURASCO'),(331,35,'AREQUIPA'),(332,35,'ALTO SELVA ALEGRE'),(333,35,'CAYMA'),(334,35,'CERRO COLORADO'),(335,35,'CHARACATO'),(336,35,'CHIGUATA'),(337,35,'JACOBO HUNTER'),(338,35,'LA JOYA'),(339,35,'MARIANO MELGAR'),(340,35,'MIRAFLORES'),(341,35,'MOLLEBAYA'),(342,35,'PAUCARPATA'),(343,35,'POCSI'),(344,35,'POLOBAYA'),(345,35,'QUEQUEÑA'),(346,35,'SABANDIA'),(347,35,'SACHACA'),(348,35,'SAN JUAN DE SIGUAS'),(349,35,'SAN JUAN DE TARUCANI'),(350,35,'SANTA ISABEL DE SIGUAS'),(351,35,'SANTA RITA DE SIGUAS'),(352,35,'SOCABAYA'),(353,35,'TIABAYA'),(354,35,'UCHUMAYO'),(355,35,'VITOR'),(356,35,'YANAHUARA'),(357,35,'YARABAMBA'),(358,35,'YURA'),(359,35,'JOSE LUIS BUSTAMANTE Y RIVERO'),(360,36,'CAMANA'),(361,36,'JOSE MARIA QUIMPER'),(362,36,'MARIANO NICOLAS VALCARCEL'),(363,36,'MARISCAL CACERES'),(364,36,'NICOLAS DE PIEROLA'),(365,36,'OCOÑA'),(366,36,'QUILCA'),(367,36,'SAMUEL PASTOR'),(368,37,'CARAVELI'),(369,37,'ACARI'),(370,37,'ATICO'),(371,37,'ATIQUIPA'),(372,37,'BELLA UNION'),(373,37,'CAHUACHO'),(374,37,'CHALA'),(375,37,'CHAPARRA'),(376,37,'HUANUHUANU'),(377,37,'JAQUI'),(378,37,'LOMAS'),(379,37,'QUICACHA'),(380,37,'YAUCA'),(381,38,'APLAO'),(382,38,'ANDAGUA'),(383,38,'AYO'),(384,38,'CHACHAS'),(385,38,'CHILCAYMARCA'),(386,38,'CHOCO'),(387,38,'HUANCARQUI'),(388,38,'MACHAGUAY'),(389,38,'ORCOPAMPA'),(390,38,'PAMPACOLCA'),(391,38,'TIPAN'),(392,38,'UÑON'),(393,38,'URACA'),(394,38,'VIRACO'),(395,39,'CHIVAY'),(396,39,'ACHOMA'),(397,39,'CABANACONDE'),(398,39,'CALLALLI'),(399,39,'CAYLLOMA'),(400,39,'COPORAQUE'),(401,39,'HUAMBO'),(402,39,'HUANCA'),(403,39,'ICHUPAMPA'),(404,39,'LARI'),(405,39,'LLUTA'),(406,39,'MACA'),(407,39,'MADRIGAL'),(408,39,'SAN ANTONIO DE CHUCA'),(409,39,'SIBAYO'),(410,39,'TAPAY'),(411,39,'TISCO'),(412,39,'TUTI'),(413,39,'YANQUE'),(414,39,'MAJES'),(415,40,'CHUQUIBAMBA'),(416,40,'ANDARAY'),(417,40,'CAYARANI'),(418,40,'CHICHAS'),(419,40,'IRAY'),(420,40,'RIO GRANDE'),(421,40,'SALAMANCA'),(422,40,'YANAQUIHUA'),(423,41,'MOLLENDO'),(424,41,'COCACHACRA'),(425,41,'DEAN VALDIVIA'),(426,41,'ISLAY'),(427,41,'MEJIA'),(428,41,'PUNTA DE BOMBON'),(429,42,'COTAHUASI'),(430,42,'ALCA'),(431,42,'CHARCANA'),(432,42,'HUAYNACOTAS'),(433,42,'PAMPAMARCA'),(434,42,'PUYCA'),(435,42,'QUECHUALLA'),(436,42,'SAYLA'),(437,42,'TAURIA'),(438,42,'TOMEPAMPA'),(439,42,'TORO'),(440,43,'AYACUCHO'),(441,43,'ACOCRO'),(442,43,'ACOS VINCHOS'),(443,43,'CARMEN ALTO'),(444,43,'CHIARA'),(445,43,'OCROS'),(446,43,'PACAYCASA'),(447,43,'QUINUA'),(448,43,'SAN JOSE DE TICLLAS'),(449,43,'SAN JUAN BAUTISTA'),(450,43,'SANTIAGO DE PISCHA'),(451,43,'SOCOS'),(452,43,'TAMBILLO'),(453,43,'VINCHOS'),(454,43,'JESUS NAZARENO'),(455,44,'CANGALLO'),(456,44,'CHUSCHI'),(457,44,'LOS MOROCHUCOS'),(458,44,'MARIA PARADO DE BELLIDO'),(459,44,'PARAS'),(460,44,'TOTOS'),(461,45,'SANCOS'),(462,45,'CARAPO'),(463,45,'SACSAMARCA'),(464,45,'SANTIAGO DE LUCANAMARCA'),(465,46,'HUANTA'),(466,46,'AYAHUANCO'),(467,46,'HUAMANGUILLA'),(468,46,'IGUAIN'),(469,46,'LURICOCHA'),(470,46,'SANTILLANA'),(471,46,'SIVIA'),(472,46,'LLOCHEGUA'),(473,47,'SAN MIGUEL'),(474,47,'ANCO'),(475,47,'AYNA'),(476,47,'CHILCAS'),(477,47,'CHUNGUI'),(478,47,'LUIS CARRANZA'),(479,47,'SANTA ROSA'),(480,47,'TAMBO'),(481,47,'SAMUGARI'),(482,48,'PUQUIO'),(483,48,'AUCARA'),(484,48,'CABANA'),(485,48,'CARMEN SALCEDO'),(486,48,'CHAVIÑA'),(487,48,'CHIPAO'),(488,48,'HUAC-HUAS'),(489,48,'LARAMATE'),(490,48,'LEONCIO PRADO'),(491,48,'LLAUTA'),(492,48,'LUCANAS'),(493,48,'OCAÑA'),(494,48,'OTOCA'),(495,48,'SAISA'),(496,48,'SAN CRISTOBAL'),(497,48,'SAN JUAN'),(498,48,'SAN PEDRO'),(499,48,'SAN PEDRO DE PALCO'),(500,48,'SANCOS'),(501,48,'SANTA ANA DE HUAYCAHUACHO'),(502,48,'SANTA LUCIA'),(503,49,'CORACORA'),(504,49,'CHUMPI'),(505,49,'CORONEL CASTAÑEDA'),(506,49,'PACAPAUSA'),(507,49,'PULLO'),(508,49,'PUYUSCA'),(509,49,'SAN FRANCISCO DE RAVACAYCO'),(510,49,'UPAHUACHO'),(511,50,'PAUSA'),(512,50,'COLTA'),(513,50,'CORCULLA'),(514,50,'LAMPA'),(515,50,'MARCABAMBA'),(516,50,'OYOLO'),(517,50,'PARARCA'),(518,50,'SAN JAVIER DE ALPABAMBA'),(519,50,'SAN JOSE DE USHUA'),(520,50,'SARA SARA'),(521,51,'QUEROBAMBA'),(522,51,'BELEN'),(523,51,'CHALCOS'),(524,51,'CHILCAYOC'),(525,51,'HUACAÑA'),(526,51,'MORCOLLA'),(527,51,'PAICO'),(528,51,'SAN PEDRO DE LARCAY'),(529,51,'SAN SALVADOR DE QUIJE'),(530,51,'SANTIAGO DE PAUCARAY'),(531,51,'SORAS'),(532,52,'HUANCAPI'),(533,52,'ALCAMENCA'),(534,52,'APONGO'),(535,52,'ASQUIPATA'),(536,52,'CANARIA'),(537,52,'CAYARA'),(538,52,'COLCA'),(539,52,'HUAMANQUIQUIA'),(540,52,'HUANCARAYLLA'),(541,52,'HUAYA'),(542,52,'SARHUA'),(543,52,'VILCANCHOS'),(544,53,'VILCAS HUAMAN'),(545,53,'ACCOMARCA'),(546,53,'CARHUANCA'),(547,53,'CONCEPCION'),(548,53,'HUAMBALPA'),(549,53,'INDEPENDENCIA'),(550,53,'SAURAMA'),(551,53,'VISCHONGO'),(552,54,'CAJAMARCA'),(553,54,'ASUNCION'),(554,54,'CHETILLA'),(555,54,'COSPAN'),(556,54,'ENCAÑADA'),(557,54,'JESUS'),(558,54,'LLACANORA'),(559,54,'LOS BAÑOS DEL INCA'),(560,54,'MAGDALENA'),(561,54,'MATARA'),(562,54,'NAMORA'),(563,54,'SAN JUAN'),(564,55,'CAJABAMBA'),(565,55,'CACHACHI'),(566,55,'CONDEBAMBA'),(567,55,'SITACOCHA'),(568,56,'CELENDIN'),(569,56,'CHUMUCH'),(570,56,'CORTEGANA'),(571,56,'HUASMIN'),(572,56,'JORGE CHAVEZ'),(573,56,'JOSE GALVEZ'),(574,56,'MIGUEL IGLESIAS'),(575,56,'OXAMARCA'),(576,56,'SOROCHUCO'),(577,56,'SUCRE'),(578,56,'UTCO'),(579,56,'LA LIBERTAD DE PALLAN'),(580,57,'CHOTA'),(581,57,'ANGUIA'),(582,57,'CHADIN'),(583,57,'CHIGUIRIP'),(584,57,'CHIMBAN'),(585,57,'CHOROPAMPA'),(586,57,'COCHABAMBA'),(587,57,'CONCHAN'),(588,57,'HUAMBOS'),(589,57,'LAJAS'),(590,57,'LLAMA'),(591,57,'MIRACOSTA'),(592,57,'PACCHA'),(593,57,'PION'),(594,57,'QUEROCOTO'),(595,57,'SAN JUAN DE LICUPIS'),(596,57,'TACABAMBA'),(597,57,'TOCMOCHE'),(598,57,'CHALAMARCA'),(599,58,'CONTUMAZA'),(600,58,'CHILETE'),(601,58,'CUPISNIQUE'),(602,58,'GUZMANGO'),(603,58,'SAN BENITO'),(604,58,'SANTA CRUZ DE TOLEDO'),(605,58,'TANTARICA'),(606,58,'YONAN'),(607,59,'CUTERVO'),(608,59,'CALLAYUC'),(609,59,'CHOROS'),(610,59,'CUJILLO'),(611,59,'LA RAMADA'),(612,59,'PIMPINGOS'),(613,59,'QUEROCOTILLO'),(614,59,'SAN ANDRES DE CUTERVO'),(615,59,'SAN JUAN DE CUTERVO'),(616,59,'SAN LUIS DE LUCMA'),(617,59,'SANTA CRUZ'),(618,59,'SANTO DOMINGO DE LA CAPILLA'),(619,59,'SANTO TOMAS'),(620,59,'SOCOTA'),(621,59,'TORIBIO CASANOVA'),(622,60,'BAMBAMARCA'),(623,60,'CHUGUR'),(624,60,'HUALGAYOC'),(625,61,'JAEN'),(626,61,'BELLAVISTA'),(627,61,'CHONTALI'),(628,61,'COLASAY'),(629,61,'HUABAL'),(630,61,'LAS PIRIAS'),(631,61,'POMAHUACA'),(632,61,'PUCARA'),(633,61,'SALLIQUE'),(634,61,'SAN FELIPE'),(635,61,'SAN JOSE DEL ALTO'),(636,61,'SANTA ROSA'),(637,62,'SAN IGNACIO'),(638,62,'CHIRINOS'),(639,62,'HUARANGO'),(640,62,'LA COIPA'),(641,62,'NAMBALLE'),(642,62,'SAN JOSE DE LOURDES'),(643,62,'TABACONAS'),(644,63,'PEDRO GALVEZ'),(645,63,'CHANCAY'),(646,63,'EDUARDO VILLANUEVA'),(647,63,'GREGORIO PITA'),(648,63,'ICHOCAN'),(649,63,'JOSE MANUEL QUIROZ'),(650,63,'JOSE SABOGAL'),(651,64,'SAN MIGUEL'),(652,64,'BOLIVAR'),(653,64,'CALQUIS'),(654,64,'CATILLUC'),(655,64,'EL PRADO'),(656,64,'LA FLORIDA'),(657,64,'LLAPA'),(658,64,'NANCHOC'),(659,64,'NIEPOS'),(660,64,'SAN GREGORIO'),(661,64,'SAN SILVESTRE DE COCHAN'),(662,64,'TONGOD'),(663,64,'UNION AGUA BLANCA'),(664,65,'SAN PABLO'),(665,65,'SAN BERNARDINO'),(666,65,'SAN LUIS'),(667,65,'TUMBADEN'),(668,66,'SANTA CRUZ'),(669,66,'ANDABAMBA'),(670,66,'CATACHE'),(671,66,'CHANCAYBAÑOS'),(672,66,'LA ESPERANZA'),(673,66,'NINABAMBA'),(674,66,'PULAN'),(675,66,'SAUCEPAMPA'),(676,66,'SEXI'),(677,66,'UTICYACU'),(678,66,'YAUYUCAN'),(679,67,'CALLAO'),(680,67,'BELLAVISTA'),(681,67,'CARMEN DE LA LEGUA REYNOSO'),(682,67,'LA PERLA'),(683,67,'LA PUNTA'),(684,67,'VENTANILLA'),(685,68,'CUSCO'),(686,68,'CCORCA'),(687,68,'POROY'),(688,68,'SAN JERONIMO'),(689,68,'SAN SEBASTIAN'),(690,68,'SANTIAGO'),(691,68,'SAYLLA'),(692,68,'WANCHAQ'),(693,69,'ACOMAYO'),(694,69,'ACOPIA'),(695,69,'ACOS'),(696,69,'MOSOC LLACTA'),(697,69,'POMACANCHI'),(698,69,'RONDOCAN'),(699,69,'SANGARARA'),(700,70,'ANTA'),(701,70,'ANCAHUASI'),(702,70,'CACHIMAYO'),(703,70,'CHINCHAYPUJIO'),(704,70,'HUAROCONDO'),(705,70,'LIMATAMBO'),(706,70,'MOLLEPATA'),(707,70,'PUCYURA'),(708,70,'ZURITE'),(709,71,'CALCA'),(710,71,'COYA'),(711,71,'LAMAY'),(712,71,'LARES'),(713,71,'PISAC'),(714,71,'SAN SALVADOR'),(715,71,'TARAY'),(716,71,'YANATILE'),(717,72,'YANAOCA'),(718,72,'CHECCA'),(719,72,'KUNTURKANKI'),(720,72,'LANGUI'),(721,72,'LAYO'),(722,72,'PAMPAMARCA'),(723,72,'QUEHUE'),(724,72,'TUPAC AMARU'),(725,73,'SICUANI'),(726,73,'CHECACUPE'),(727,73,'COMBAPATA'),(728,73,'MARANGANI'),(729,73,'PITUMARCA'),(730,73,'SAN PABLO'),(731,73,'SAN PEDRO'),(732,73,'TINTA'),(733,74,'SANTO TOMAS'),(734,74,'CAPACMARCA'),(735,74,'CHAMACA'),(736,74,'COLQUEMARCA'),(737,74,'LIVITACA'),(738,74,'LLUSCO'),(739,74,'QUIÑOTA'),(740,74,'VELILLE'),(741,75,'ESPINAR'),(742,75,'CONDOROMA'),(743,75,'COPORAQUE'),(744,75,'OCORURO'),(745,75,'PALLPATA'),(746,75,'PICHIGUA'),(747,75,'SUYCKUTAMBO'),(748,75,'ALTO PICHIGUA'),(749,76,'SANTA ANA'),(750,76,'ECHARATE'),(751,76,'HUAYOPATA'),(752,76,'MARANURA'),(753,76,'OCOBAMBA'),(754,76,'QUELLOUNO'),(755,76,'KIMBIRI'),(756,76,'SANTA TERESA'),(757,76,'VILCABAMBA'),(758,76,'PICHARI'),(759,77,'PARURO'),(760,77,'ACCHA'),(761,77,'CCAPI'),(762,77,'COLCHA'),(763,77,'HUANOQUITE'),(764,77,'OMACHA'),(765,77,'PACCARITAMBO'),(766,77,'PILLPINTO'),(767,77,'YAURISQUE'),(768,78,'PAUCARTAMBO'),(769,78,'CAICAY'),(770,78,'CHALLABAMBA'),(771,78,'COLQUEPATA'),(772,78,'HUANCARANI'),(773,78,'KOSÑIPATA'),(774,79,'URCOS'),(775,79,'ANDAHUAYLILLAS'),(776,79,'CAMANTI'),(777,79,'CCARHUAYO'),(778,79,'CCATCA'),(779,79,'CUSIPATA'),(780,79,'HUARO'),(781,79,'LUCRE'),(782,79,'MARCAPATA'),(783,79,'OCONGATE'),(784,79,'OROPESA'),(785,79,'QUIQUIJANA'),(786,80,'URUBAMBA'),(787,80,'CHINCHERO'),(788,80,'HUAYLLABAMBA'),(789,80,'MACHUPICCHU'),(790,80,'MARAS'),(791,80,'OLLANTAYTAMBO'),(792,80,'YUCAY'),(793,81,'HUANCAVELICA'),(794,81,'ACOBAMBILLA'),(795,81,'ACORIA'),(796,81,'CONAYCA'),(797,81,'CUENCA'),(798,81,'HUACHOCOLPA'),(799,81,'HUAYLLAHUARA'),(800,81,'IZCUCHACA'),(801,81,'LARIA'),(802,81,'MANTA'),(803,81,'MARISCAL CACERES'),(804,81,'MOYA'),(805,81,'NUEVO OCCORO'),(806,81,'PALCA'),(807,81,'PILCHACA'),(808,81,'VILCA'),(809,81,'YAULI'),(810,81,'ASCENSION'),(811,81,'HUANDO'),(812,82,'ACOBAMBA'),(813,82,'ANDABAMBA'),(814,82,'ANTA'),(815,82,'CAJA'),(816,82,'MARCAS'),(817,82,'PAUCARA'),(818,82,'POMACOCHA'),(819,82,'ROSARIO'),(820,83,'LIRCAY'),(821,83,'ANCHONGA'),(822,83,'CALLANMARCA'),(823,83,'CCOCHACCASA'),(824,83,'CHINCHO'),(825,83,'CONGALLA'),(826,83,'HUANCA-HUANCA'),(827,83,'HUAYLLAY GRANDE'),(828,83,'JULCAMARCA'),(829,83,'SAN ANTONIO DE ANTAPARCO'),(830,83,'SANTO TOMAS DE PATA'),(831,83,'SECCLLA'),(832,84,'CASTROVIRREYNA'),(833,84,'ARMA'),(834,84,'AURAHUA'),(835,84,'CAPILLAS'),(836,84,'CHUPAMARCA'),(837,84,'COCAS'),(838,84,'HUACHOS'),(839,84,'HUAMATAMBO'),(840,84,'MOLLEPAMPA'),(841,84,'SAN JUAN'),(842,84,'SANTA ANA'),(843,84,'TANTARA'),(844,84,'TICRAPO'),(845,85,'CHURCAMPA'),(846,85,'ANCO'),(847,85,'CHINCHIHUASI'),(848,85,'EL CARMEN'),(849,85,'LA MERCED'),(850,85,'LOCROJA'),(851,85,'PAUCARBAMBA'),(852,85,'SAN MIGUEL DE MAYOCC'),(853,85,'SAN PEDRO DE CORIS'),(854,85,'PACHAMARCA'),(855,85,'COSME'),(856,86,'HUAYTARA'),(857,86,'AYAVI'),(858,86,'CORDOVA'),(859,86,'HUAYACUNDO ARMA'),(860,86,'LARAMARCA'),(861,86,'OCOYO'),(862,86,'PILPICHACA'),(863,86,'QUERCO'),(864,86,'QUITO-ARMA'),(865,86,'SAN ANTONIO DE CUSICANCHA'),(866,86,'SAN FRANCISCO DE SANGAYAICO'),(867,86,'SAN ISIDRO'),(868,86,'SANTIAGO DE CHOCORVOS'),(869,86,'SANTIAGO DE QUIRAHUARA'),(870,86,'SANTO DOMINGO DE CAPILLAS'),(871,86,'TAMBO'),(872,87,'PAMPAS'),(873,87,'ACOSTAMBO'),(874,87,'ACRAQUIA'),(875,87,'AHUAYCHA'),(876,87,'COLCABAMBA'),(877,87,'DANIEL HERNANDEZ'),(878,87,'HUACHOCOLPA'),(879,87,'HUARIBAMBA'),(880,87,'ÑAHUIMPUQUIO'),(881,87,'PAZOS'),(882,87,'QUISHUAR'),(883,87,'SALCABAMBA'),(884,87,'SALCAHUASI'),(885,87,'SAN MARCOS DE ROCCHAC'),(886,87,'SURCUBAMBA'),(887,87,'TINTAY PUNCU'),(888,88,'HUANUCO'),(889,88,'AMARILIS'),(890,88,'CHINCHAO'),(891,88,'CHURUBAMBA'),(892,88,'MARGOS'),(893,88,'QUISQUI (KICHKI)'),(894,88,'SAN FRANCISCO DE CAYRAN'),(895,88,'SAN PEDRO DE CHAULAN'),(896,88,'SANTA MARIA DEL VALLE'),(897,88,'YARUMAYO'),(898,88,'PILLCO MARCA'),(899,88,'YACUS'),(900,89,'AMBO'),(901,89,'CAYNA'),(902,89,'COLPAS'),(903,89,'CONCHAMARCA'),(904,89,'HUACAR'),(905,89,'SAN FRANCISCO'),(906,89,'SAN RAFAEL'),(907,89,'TOMAY KICHWA'),(908,90,'LA UNION'),(909,90,'CHUQUIS'),(910,90,'MARIAS'),(911,90,'PACHAS'),(912,90,'QUIVILLA'),(913,90,'RIPAN'),(914,90,'SHUNQUI'),(915,90,'SILLAPATA'),(916,90,'YANAS'),(917,91,'HUACAYBAMBA'),(918,91,'CANCHABAMBA'),(919,91,'COCHABAMBA'),(920,91,'PINRA'),(921,92,'LLATA'),(922,92,'ARANCAY'),(923,92,'CHAVIN DE PARIARCA'),(924,92,'JACAS GRANDE'),(925,92,'JIRCAN'),(926,92,'MIRAFLORES'),(927,92,'MONZON'),(928,92,'PUNCHAO'),(929,92,'PUÑOS'),(930,92,'SINGA'),(931,92,'TANTAMAYO'),(932,93,'RUPA-RUPA'),(933,93,'DANIEL ALOMIA ROBLES'),(934,93,'HERMILIO VALDIZAN'),(935,93,'JOSE CRESPO Y CASTILLO'),(936,93,'LUYANDO'),(937,93,'MARIANO DAMASO BERAUN'),(938,94,'HUACRACHUCO'),(939,94,'CHOLON'),(940,94,'SAN BUENAVENTURA'),(941,95,'PANAO'),(942,95,'CHAGLLA'),(943,95,'MOLINO'),(944,95,'UMARI'),(945,96,'PUERTO INCA'),(946,96,'CODO DEL POZUZO'),(947,96,'HONORIA'),(948,96,'TOURNAVISTA'),(949,96,'YUYAPICHIS'),(950,97,'JESUS'),(951,97,'BAÑOS'),(952,97,'JIVIA'),(953,97,'QUEROPALCA'),(954,97,'RONDOS'),(955,97,'SAN FRANCISCO DE ASIS'),(956,97,'SAN MIGUEL DE CAURI'),(957,98,'CHAVINILLO'),(958,98,'CAHUAC'),(959,98,'CHACABAMBA'),(960,98,'APARICIO POMARES'),(961,98,'JACAS CHICO'),(962,98,'OBAS'),(963,98,'PAMPAMARCA'),(964,98,'CHORAS'),(965,99,'ICA'),(966,99,'LA TINGUIÑA'),(967,99,'LOS AQUIJES'),(968,99,'OCUCAJE'),(969,99,'PACHACUTEC'),(970,99,'PARCONA'),(971,99,'PUEBLO NUEVO'),(972,99,'SALAS'),(973,99,'SAN JOSE DE LOS MOLINOS'),(974,99,'SAN JUAN BAUTISTA'),(975,99,'SANTIAGO'),(976,99,'SUBTANJALLA'),(977,99,'TATE'),(978,99,'YAUCA DEL ROSARIO'),(979,100,'CHINCHA ALTA'),(980,100,'ALTO LARAN'),(981,100,'CHAVIN'),(982,100,'CHINCHA BAJA'),(983,100,'EL CARMEN'),(984,100,'GROCIO PRADO'),(985,100,'PUEBLO NUEVO'),(986,100,'SAN JUAN DE YANAC'),(987,100,'SAN PEDRO DE HUACARPANA'),(988,100,'SUNAMPE'),(989,100,'TAMBO DE MORA'),(990,101,'NAZCA'),(991,101,'CHANGUILLO'),(992,101,'EL INGENIO'),(993,101,'MARCONA'),(994,101,'VISTA ALEGRE'),(995,102,'PALPA'),(996,102,'LLIPATA'),(997,102,'RIO GRANDE'),(998,102,'SANTA CRUZ'),(999,102,'TIBILLO'),(1000,103,'PISCO'),(1001,103,'HUANCANO'),(1002,103,'HUMAY'),(1003,103,'INDEPENDENCIA'),(1004,103,'PARACAS'),(1005,103,'SAN ANDRES'),(1006,103,'SAN CLEMENTE'),(1007,103,'TUPAC AMARU INCA'),(1008,104,'HUANCAYO'),(1009,104,'CARHUACALLANGA'),(1010,104,'CHACAPAMPA'),(1011,104,'CHICCHE'),(1012,104,'CHILCA'),(1013,104,'CHONGOS ALTO'),(1014,104,'CHUPURO'),(1015,104,'COLCA'),(1016,104,'CULLHUAS'),(1017,104,'EL TAMBO'),(1018,104,'HUACRAPUQUIO'),(1019,104,'HUALHUAS'),(1020,104,'HUANCAN'),(1021,104,'HUASICANCHA'),(1022,104,'HUAYUCACHI'),(1023,104,'INGENIO'),(1024,104,'PARIAHUANCA'),(1025,104,'PILCOMAYO'),(1026,104,'PUCARA'),(1027,104,'QUICHUAY'),(1028,104,'QUILCAS'),(1029,104,'SAN AGUSTIN'),(1030,104,'SAN JERONIMO DE TUNAN'),(1031,104,'SAÑO'),(1032,104,'SAPALLANGA'),(1033,104,'SICAYA'),(1034,104,'SANTO DOMINGO DE ACOBAMBA'),(1035,104,'VIQUES'),(1036,105,'CONCEPCION'),(1037,105,'ACO'),(1038,105,'ANDAMARCA'),(1039,105,'CHAMBARA'),(1040,105,'COCHAS'),(1041,105,'COMAS'),(1042,105,'HEROINAS TOLEDO'),(1043,105,'MANZANARES'),(1044,105,'MARISCAL CASTILLA'),(1045,105,'MATAHUASI'),(1046,105,'MITO'),(1047,105,'NUEVE DE JULIO'),(1048,105,'ORCOTUNA'),(1049,105,'SAN JOSE DE QUERO'),(1050,105,'SANTA ROSA DE OCOPA'),(1051,106,'CHANCHAMAYO'),(1052,106,'PERENE'),(1053,106,'PICHANAQUI'),(1054,106,'SAN LUIS DE SHUARO'),(1055,106,'SAN RAMON'),(1056,106,'VITOC'),(1057,107,'JAUJA'),(1058,107,'ACOLLA'),(1059,107,'APATA'),(1060,107,'ATAURA'),(1061,107,'CANCHAYLLO'),(1062,107,'CURICACA'),(1063,107,'EL MANTARO'),(1064,107,'HUAMALI'),(1065,107,'HUARIPAMPA'),(1066,107,'HUERTAS'),(1067,107,'JANJAILLO'),(1068,107,'JULCAN'),(1069,107,'LEONOR ORDOÑEZ'),(1070,107,'LLOCLLAPAMPA'),(1071,107,'MARCO'),(1072,107,'MASMA'),(1073,107,'MASMA CHICCHE'),(1074,107,'MOLINOS'),(1075,107,'MONOBAMBA'),(1076,107,'MUQUI'),(1077,107,'MUQUIYAUYO'),(1078,107,'PACA'),(1079,107,'PACCHA'),(1080,107,'PANCAN'),(1081,107,'PARCO'),(1082,107,'POMACANCHA'),(1083,107,'RICRAN'),(1084,107,'SAN LORENZO'),(1085,107,'SAN PEDRO DE CHUNAN'),(1086,107,'SAUSA'),(1087,107,'SINCOS'),(1088,107,'TUNAN MARCA'),(1089,107,'YAULI'),(1090,107,'YAUYOS'),(1091,108,'JUNIN'),(1092,108,'CARHUAMAYO'),(1093,108,'ONDORES'),(1094,108,'ULCUMAYO'),(1095,109,'SATIPO'),(1096,109,'COVIRIALI'),(1097,109,'LLAYLLA'),(1098,109,'PAMPA HERMOSA'),(1099,109,'RIO NEGRO'),(1100,109,'RIO TAMBO'),(1101,109,'MAZAMARI - PANGOA'),(1102,110,'TARMA'),(1103,110,'ACOBAMBA'),(1104,110,'HUARICOLCA'),(1105,110,'HUASAHUASI'),(1106,110,'LA UNION'),(1107,110,'PALCA'),(1108,110,'PALCAMAYO'),(1109,110,'SAN PEDRO DE CAJAS'),(1110,110,'TAPO'),(1111,111,'LA OROYA'),(1112,111,'CHACAPALPA'),(1113,111,'HUAY-HUAY'),(1114,111,'MARCAPOMACOCHA'),(1115,111,'MOROCOCHA'),(1116,111,'PACCHA'),(1117,111,'SANTA BARBARA DE CARHUACAYAN'),(1118,111,'SANTA ROSA DE SACCO'),(1119,111,'SUITUCANCHA'),(1120,111,'YAULI'),(1121,112,'CHUPACA'),(1122,112,'AHUAC'),(1123,112,'CHONGOS BAJO'),(1124,112,'HUACHAC'),(1125,112,'HUAMANCACA CHICO'),(1126,112,'SAN JUAN DE ISCOS'),(1127,112,'SAN JUAN DE JARPA'),(1128,112,'TRES DE DICIEMBRE'),(1129,112,'YANACANCHA'),(1130,113,'TRUJILLO'),(1131,113,'EL PORVENIR'),(1132,113,'FLORENCIA DE MORA'),(1133,113,'HUANCHACO'),(1134,113,'LA ESPERANZA'),(1135,113,'LAREDO'),(1136,113,'MOCHE'),(1137,113,'POROTO'),(1138,113,'SALAVERRY'),(1139,113,'SIMBAL'),(1140,113,'VICTOR LARCO HERRERA'),(1141,114,'ASCOPE'),(1142,114,'CHICAMA'),(1143,114,'CHOCOPE'),(1144,114,'MAGDALENA DE CAO'),(1145,114,'PAIJAN'),(1146,114,'RAZURI'),(1147,114,'SANTIAGO DE CAO'),(1148,114,'CASA GRANDE'),(1149,115,'BOLIVAR'),(1150,115,'BAMBAMARCA'),(1151,115,'CONDORMARCA'),(1152,115,'LONGOTEA'),(1153,115,'UCHUMARCA'),(1154,115,'UCUNCHA'),(1155,116,'CHEPEN'),(1156,116,'PACANGA'),(1157,116,'PUEBLO NUEVO'),(1158,117,'JULCAN'),(1159,117,'CALAMARCA'),(1160,117,'CARABAMBA'),(1161,117,'HUASO'),(1162,118,'OTUZCO'),(1163,118,'AGALLPAMPA'),(1164,118,'CHARAT'),(1165,118,'HUARANCHAL'),(1166,118,'LA CUESTA'),(1167,118,'MACHE'),(1168,118,'PARANDAY'),(1169,118,'SALPO'),(1170,118,'SINSICAP'),(1171,118,'USQUIL'),(1172,119,'SAN PEDRO DE LLOC'),(1173,119,'GUADALUPE'),(1174,119,'JEQUETEPEQUE'),(1175,119,'PACASMAYO'),(1176,119,'SAN JOSE'),(1177,120,'TAYABAMBA'),(1178,120,'BULDIBUYO'),(1179,120,'CHILLIA'),(1180,120,'HUANCASPATA'),(1181,120,'HUAYLILLAS'),(1182,120,'HUAYO'),(1183,120,'ONGON'),(1184,120,'PARCOY'),(1185,120,'PATAZ'),(1186,120,'PIAS'),(1187,120,'SANTIAGO DE CHALLAS'),(1188,120,'TAURIJA'),(1189,120,'URPAY'),(1190,121,'HUAMACHUCO'),(1191,121,'CHUGAY'),(1192,121,'COCHORCO'),(1193,121,'CURGOS'),(1194,121,'MARCABAL'),(1195,121,'SANAGORAN'),(1196,121,'SARIN'),(1197,121,'SARTIMBAMBA'),(1198,122,'SANTIAGO DE CHUCO'),(1199,122,'ANGASMARCA'),(1200,122,'CACHICADAN'),(1201,122,'MOLLEBAMBA'),(1202,122,'MOLLEPATA'),(1203,122,'QUIRUVILCA'),(1204,122,'SANTA CRUZ DE CHUCA'),(1205,122,'SITABAMBA'),(1206,123,'CASCAS'),(1207,123,'LUCMA'),(1208,123,'MARMOT'),(1209,123,'SAYAPULLO'),(1210,124,'VIRU'),(1211,124,'CHAO'),(1212,124,'GUADALUPITO'),(1213,125,'CHICLAYO'),(1214,125,'CHONGOYAPE'),(1215,125,'ETEN'),(1216,125,'ETEN PUERTO'),(1217,125,'JOSE LEONARDO ORTIZ'),(1218,125,'LA VICTORIA'),(1219,125,'LAGUNAS'),(1220,125,'MONSEFU'),(1221,125,'NUEVA ARICA'),(1222,125,'OYOTUN'),(1223,125,'PICSI'),(1224,125,'PIMENTEL'),(1225,125,'REQUE'),(1226,125,'SANTA ROSA'),(1227,125,'SAÑA'),(1228,125,'CAYALTI'),(1229,125,'PATAPO'),(1230,125,'POMALCA'),(1231,125,'PUCALA'),(1232,125,'TUMAN'),(1233,126,'FERREÑAFE'),(1234,126,'CAÑARIS'),(1235,126,'INCAHUASI'),(1236,126,'MANUEL ANTONIO MESONES MURO'),(1237,126,'PITIPO'),(1238,126,'PUEBLO NUEVO'),(1239,127,'LAMBAYEQUE'),(1240,127,'CHOCHOPE'),(1241,127,'ILLIMO'),(1242,127,'JAYANCA'),(1243,127,'MOCHUMI'),(1244,127,'MORROPE'),(1245,127,'MOTUPE'),(1246,127,'OLMOS'),(1247,127,'PACORA'),(1248,127,'SALAS'),(1249,127,'SAN JOSE'),(1250,127,'TUCUME'),(1251,128,'LIMA'),(1252,128,'ANCON'),(1253,128,'ATE'),(1254,128,'BARRANCO'),(1255,128,'BREÑA'),(1256,128,'CARABAYLLO'),(1257,128,'CHACLACAYO'),(1258,128,'CHORRILLOS'),(1259,128,'CIENEGUILLA'),(1260,128,'COMAS'),(1261,128,'EL AGUSTINO'),(1262,128,'INDEPENDENCIA'),(1263,128,'JESUS MARIA'),(1264,128,'LA MOLINA'),(1265,128,'LA VICTORIA'),(1266,128,'LINCE'),(1267,128,'LOS OLIVOS'),(1268,128,'LURIGANCHO'),(1269,128,'LURIN'),(1270,128,'MAGDALENA DEL MAR'),(1271,128,'PUEBLO LIBRE'),(1272,128,'MIRAFLORES'),(1273,128,'PACHACAMAC'),(1274,128,'PUCUSANA'),(1275,128,'PUENTE PIEDRA'),(1276,128,'PUNTA HERMOSA'),(1277,128,'PUNTA NEGRA'),(1278,128,'RIMAC'),(1279,128,'SAN BARTOLO'),(1280,128,'SAN BORJA'),(1281,128,'SAN ISIDRO'),(1282,128,'SAN JUAN DE LURIGANCHO'),(1283,128,'SAN JUAN DE MIRAFLORES'),(1284,128,'SAN LUIS'),(1285,128,'SAN MARTIN DE PORRES'),(1286,128,'SAN MIGUEL'),(1287,128,'SANTA ANITA'),(1288,128,'SANTA MARIA DEL MAR'),(1289,128,'SANTA ROSA'),(1290,128,'SANTIAGO DE SURCO'),(1291,128,'SURQUILLO'),(1292,128,'VILLA EL SALVADOR'),(1293,128,'VILLA MARIA DEL TRIUNFO'),(1294,129,'BARRANCA'),(1295,129,'PARAMONGA'),(1296,129,'PATIVILCA'),(1297,129,'SUPE'),(1298,129,'SUPE PUERTO'),(1299,130,'CAJATAMBO'),(1300,130,'COPA'),(1301,130,'GORGOR'),(1302,130,'HUANCAPON'),(1303,130,'MANAS'),(1304,131,'CANTA'),(1305,131,'ARAHUAY'),(1306,131,'HUAMANTANGA'),(1307,131,'HUAROS'),(1308,131,'LACHAQUI'),(1309,131,'SAN BUENAVENTURA'),(1310,131,'SANTA ROSA DE QUIVES'),(1311,132,'SAN VICENTE DE CAÑETE'),(1312,132,'ASIA'),(1313,132,'CALANGO'),(1314,132,'CERRO AZUL'),(1315,132,'CHILCA'),(1316,132,'COAYLLO'),(1317,132,'IMPERIAL'),(1318,132,'LUNAHUANA'),(1319,132,'MALA'),(1320,132,'NUEVO IMPERIAL'),(1321,132,'PACARAN'),(1322,132,'QUILMANA'),(1323,132,'SAN ANTONIO'),(1324,132,'SAN LUIS'),(1325,132,'SANTA CRUZ DE FLORES'),(1326,132,'ZUÑIGA'),(1327,133,'HUARAL'),(1328,133,'ATAVILLOS ALTO'),(1329,133,'ATAVILLOS BAJO'),(1330,133,'AUCALLAMA'),(1331,133,'CHANCAY'),(1332,133,'IHUARI'),(1333,133,'LAMPIAN'),(1334,133,'PACARAOS'),(1335,133,'SAN MIGUEL DE ACOS'),(1336,133,'SANTA CRUZ DE ANDAMARCA'),(1337,133,'SUMBILCA'),(1338,133,'VEINTISIETE DE NOVIEMBRE'),(1339,134,'MATUCANA'),(1340,134,'ANTIOQUIA'),(1341,134,'CALLAHUANCA'),(1342,134,'CARAMPOMA'),(1343,134,'CHICLA'),(1344,134,'CUENCA'),(1345,134,'HUACHUPAMPA'),(1346,134,'HUANZA'),(1347,134,'HUAROCHIRI'),(1348,134,'LAHUAYTAMBO'),(1349,134,'LANGA'),(1350,134,'LARAOS'),(1351,134,'MARIATANA'),(1352,134,'RICARDO PALMA'),(1353,134,'SAN ANDRES DE TUPICOCHA'),(1354,134,'SAN ANTONIO'),(1355,134,'SAN BARTOLOME'),(1356,134,'SAN DAMIAN'),(1357,134,'SAN JUAN DE IRIS'),(1358,134,'SAN JUAN DE TANTARANCHE'),(1359,134,'SAN LORENZO DE QUINTI'),(1360,134,'SAN MATEO'),(1361,134,'SAN MATEO DE OTAO'),(1362,134,'SAN PEDRO DE CASTA'),(1363,134,'SAN PEDRO DE HUANCAYRE'),(1364,134,'SANGALLAYA'),(1365,134,'SANTA CRUZ DE COCACHACRA'),(1366,134,'SANTA EULALIA'),(1367,134,'SANTIAGO DE ANCHUCAYA'),(1368,134,'SANTIAGO DE TUNA'),(1369,134,'SANTO DOMINGO DE LOS OLLEROS'),(1370,134,'SURCO'),(1371,135,'HUACHO'),(1372,135,'AMBAR'),(1373,135,'CALETA DE CARQUIN'),(1374,135,'CHECRAS'),(1375,135,'HUALMAY'),(1376,135,'HUAURA'),(1377,135,'LEONCIO PRADO'),(1378,135,'PACCHO'),(1379,135,'SANTA LEONOR'),(1380,135,'SANTA MARIA'),(1381,135,'SAYAN'),(1382,135,'VEGUETA'),(1383,136,'OYON'),(1384,136,'ANDAJES'),(1385,136,'CAUJUL'),(1386,136,'COCHAMARCA'),(1387,136,'NAVAN'),(1388,136,'PACHANGARA'),(1389,137,'YAUYOS'),(1390,137,'ALIS'),(1391,137,'ALLAUCA'),(1392,137,'AYAVIRI'),(1393,137,'AZANGARO'),(1394,137,'CACRA'),(1395,137,'CARANIA'),(1396,137,'CATAHUASI'),(1397,137,'CHOCOS'),(1398,137,'COCHAS'),(1399,137,'COLONIA'),(1400,137,'HONGOS'),(1401,137,'HUAMPARA'),(1402,137,'HUANCAYA'),(1403,137,'HUANGASCAR'),(1404,137,'HUANTAN'),(1405,137,'HUAÑEC'),(1406,137,'LARAOS'),(1407,137,'LINCHA'),(1408,137,'MADEAN'),(1409,137,'MIRAFLORES'),(1410,137,'OMAS'),(1411,137,'PUTINZA'),(1412,137,'QUINCHES'),(1413,137,'QUINOCAY'),(1414,137,'SAN JOAQUIN'),(1415,137,'SAN PEDRO DE PILAS'),(1416,137,'TANTA'),(1417,137,'TAURIPAMPA'),(1418,137,'TOMAS'),(1419,137,'TUPE'),(1420,137,'VIÑAC'),(1421,137,'VITIS'),(1422,138,'IQUITOS'),(1423,138,'ALTO NANAY'),(1424,138,'FERNANDO LORES'),(1425,138,'INDIANA'),(1426,138,'LAS AMAZONAS'),(1427,138,'MAZAN'),(1428,138,'NAPO'),(1429,138,'PUNCHANA'),(1430,138,'PUTUMAYO'),(1431,138,'TORRES CAUSANA'),(1432,138,'BELEN'),(1433,138,'SAN JUAN BAUTISTA'),(1434,138,'TENIENTE MANUEL CLAVERO'),(1435,139,'YURIMAGUAS'),(1436,139,'BALSAPUERTO'),(1437,139,'JEBEROS'),(1438,139,'LAGUNAS'),(1439,139,'SANTA CRUZ'),(1440,139,'TENIENTE CESAR LOPEZ ROJAS'),(1441,140,'NAUTA'),(1442,140,'PARINARI'),(1443,140,'TIGRE'),(1444,140,'TROMPETEROS'),(1445,140,'URARINAS'),(1446,141,'RAMON CASTILLA'),(1447,141,'PEBAS'),(1448,141,'YAVARI'),(1449,141,'SAN PABLO'),(1450,142,'REQUENA'),(1451,142,'ALTO TAPICHE'),(1452,142,'CAPELO'),(1453,142,'EMILIO SAN MARTIN'),(1454,142,'MAQUIA'),(1455,142,'PUINAHUA'),(1456,142,'SAQUENA'),(1457,142,'SOPLIN'),(1458,142,'TAPICHE'),(1459,142,'JENARO HERRERA'),(1460,142,'YAQUERANA'),(1461,143,'CONTAMANA'),(1462,143,'INAHUAYA'),(1463,143,'PADRE MARQUEZ'),(1464,143,'PAMPA HERMOSA'),(1465,143,'SARAYACU'),(1466,143,'VARGAS GUERRA'),(1467,144,'BARRANCA'),(1468,144,'CAHUAPANAS'),(1469,144,'MANSERICHE'),(1470,144,'MORONA'),(1471,144,'PASTAZA'),(1472,144,'ANDOAS'),(1473,145,'TAMBOPATA'),(1474,145,'INAMBARI'),(1475,145,'LAS PIEDRAS'),(1476,145,'LABERINTO'),(1477,146,'MANU'),(1478,146,'FITZCARRALD'),(1479,146,'MADRE DE DIOS'),(1480,146,'HUEPETUHE'),(1481,147,'IÑAPARI'),(1482,147,'IBERIA'),(1483,147,'TAHUAMANU'),(1484,148,'MOQUEGUA'),(1485,148,'CARUMAS'),(1486,148,'CUCHUMBAYA'),(1487,148,'SAMEGUA'),(1488,148,'SAN CRISTOBAL'),(1489,148,'TORATA'),(1490,149,'OMATE'),(1491,149,'CHOJATA'),(1492,149,'COALAQUE'),(1493,149,'ICHUÑA'),(1494,149,'LA CAPILLA'),(1495,149,'LLOQUE'),(1496,149,'MATALAQUE'),(1497,149,'PUQUINA'),(1498,149,'QUINISTAQUILLAS'),(1499,149,'UBINAS'),(1500,149,'YUNGA'),(1501,150,'ILO'),(1502,150,'EL ALGARROBAL'),(1503,150,'PACOCHA'),(1504,151,'CHAUPIMARCA'),(1505,151,'HUACHON'),(1506,151,'HUARIACA'),(1507,151,'HUAYLLAY'),(1508,151,'NINACACA'),(1509,151,'PALLANCHACRA'),(1510,151,'PAUCARTAMBO'),(1511,151,'SAN FRANCISCO DE ASIS DE YARUSYACAN'),(1512,151,'SIMON BOLIVAR'),(1513,151,'TICLACAYAN'),(1514,151,'TINYAHUARCO'),(1515,151,'VICCO'),(1516,151,'YANACANCHA'),(1517,152,'YANAHUANCA'),(1518,152,'CHACAYAN'),(1519,152,'GOYLLARISQUIZGA'),(1520,152,'PAUCAR'),(1521,152,'SAN PEDRO DE PILLAO'),(1522,152,'SANTA ANA DE TUSI'),(1523,152,'TAPUC'),(1524,152,'VILCABAMBA'),(1525,153,'OXAPAMPA'),(1526,153,'CHONTABAMBA'),(1527,153,'HUANCABAMBA'),(1528,153,'PALCAZU'),(1529,153,'POZUZO'),(1530,153,'PUERTO BERMUDEZ'),(1531,153,'VILLA RICA'),(1532,153,'CONSTITUCION'),(1533,154,'PIURA'),(1534,154,'CASTILLA'),(1535,154,'CATACAOS'),(1536,154,'CURA MORI'),(1537,154,'EL TALLAN'),(1538,154,'LA ARENA'),(1539,154,'LA UNION'),(1540,154,'LAS LOMAS'),(1541,154,'TAMBO GRANDE'),(1542,155,'AYABACA'),(1543,155,'FRIAS'),(1544,155,'JILILI'),(1545,155,'LAGUNAS'),(1546,155,'MONTERO'),(1547,155,'PACAIPAMPA'),(1548,155,'PAIMAS'),(1549,155,'SAPILLICA'),(1550,155,'SICCHEZ'),(1551,155,'SUYO'),(1552,156,'HUANCABAMBA'),(1553,156,'CANCHAQUE'),(1554,156,'EL CARMEN DE LA FRONTERA'),(1555,156,'HUARMACA'),(1556,156,'LALAQUIZ'),(1557,156,'SAN MIGUEL DE EL FAIQUE'),(1558,156,'SONDOR'),(1559,156,'SONDORILLO'),(1560,157,'CHULUCANAS'),(1561,157,'BUENOS AIRES'),(1562,157,'CHALACO'),(1563,157,'LA MATANZA'),(1564,157,'MORROPON'),(1565,157,'SALITRAL'),(1566,157,'SAN JUAN DE BIGOTE'),(1567,157,'SANTA CATALINA DE MOSSA'),(1568,157,'SANTO DOMINGO'),(1569,157,'YAMANGO'),(1570,158,'PAITA'),(1571,158,'AMOTAPE'),(1572,158,'ARENAL'),(1573,158,'COLAN'),(1574,158,'LA HUACA'),(1575,158,'TAMARINDO'),(1576,158,'VICHAYAL'),(1577,159,'SULLANA'),(1578,159,'BELLAVISTA'),(1579,159,'IGNACIO ESCUDERO'),(1580,159,'LANCONES'),(1581,159,'MARCAVELICA'),(1582,159,'MIGUEL CHECA'),(1583,159,'QUERECOTILLO'),(1584,159,'SALITRAL'),(1585,160,'PARIÑAS'),(1586,160,'EL ALTO'),(1587,160,'LA BREA'),(1588,160,'LOBITOS'),(1589,160,'LOS ORGANOS'),(1590,160,'MANCORA'),(1591,161,'SECHURA'),(1592,161,'BELLAVISTA DE LA UNION'),(1593,161,'BERNAL'),(1594,161,'CRISTO NOS VALGA'),(1595,161,'VICE'),(1596,161,'RINCONADA LLICUAR'),(1597,162,'PUNO'),(1598,162,'ACORA'),(1599,162,'AMANTANI'),(1600,162,'ATUNCOLLA'),(1601,162,'CAPACHICA'),(1602,162,'CHUCUITO'),(1603,162,'COATA'),(1604,162,'HUATA'),(1605,162,'MAÑAZO'),(1606,162,'PAUCARCOLLA'),(1607,162,'PICHACANI'),(1608,162,'PLATERIA'),(1609,162,'SAN ANTONIO'),(1610,162,'TIQUILLACA'),(1611,162,'VILQUE'),(1612,163,'AZANGARO'),(1613,163,'ACHAYA'),(1614,163,'ARAPA'),(1615,163,'ASILLO'),(1616,163,'CAMINACA'),(1617,163,'CHUPA'),(1618,163,'JOSE DOMINGO CHOQUEHUANCA'),(1619,163,'MUÑANI'),(1620,163,'POTONI'),(1621,163,'SAMAN'),(1622,163,'SAN ANTON'),(1623,163,'SAN JOSE'),(1624,163,'SAN JUAN DE SALINAS'),(1625,163,'SANTIAGO DE PUPUJA'),(1626,163,'TIRAPATA'),(1627,164,'MACUSANI'),(1628,164,'AJOYANI'),(1629,164,'AYAPATA'),(1630,164,'COASA'),(1631,164,'CORANI'),(1632,164,'CRUCERO'),(1633,164,'ITUATA'),(1634,164,'OLLACHEA'),(1635,164,'SAN GABAN'),(1636,164,'USICAYOS'),(1637,165,'JULI'),(1638,165,'DESAGUADERO'),(1639,165,'HUACULLANI'),(1640,165,'KELLUYO'),(1641,165,'PISACOMA'),(1642,165,'POMATA'),(1643,165,'ZEPITA'),(1644,166,'ILAVE'),(1645,166,'CAPAZO'),(1646,166,'PILCUYO'),(1647,166,'SANTA ROSA'),(1648,166,'CONDURIRI'),(1649,167,'HUANCANE'),(1650,167,'COJATA'),(1651,167,'HUATASANI'),(1652,167,'INCHUPALLA'),(1653,167,'PUSI'),(1654,167,'ROSASPATA'),(1655,167,'TARACO'),(1656,167,'VILQUE CHICO'),(1657,168,'LAMPA'),(1658,168,'CABANILLA'),(1659,168,'CALAPUJA'),(1660,168,'NICASIO'),(1661,168,'OCUVIRI'),(1662,168,'PALCA'),(1663,168,'PARATIA'),(1664,168,'PUCARA'),(1665,168,'SANTA LUCIA'),(1666,168,'VILAVILA'),(1667,169,'AYAVIRI'),(1668,169,'ANTAUTA'),(1669,169,'CUPI'),(1670,169,'LLALLI'),(1671,169,'MACARI'),(1672,169,'NUÑOA'),(1673,169,'ORURILLO'),(1674,169,'SANTA ROSA'),(1675,169,'UMACHIRI'),(1676,170,'MOHO'),(1677,170,'CONIMA'),(1678,170,'HUAYRAPATA'),(1679,170,'TILALI'),(1680,171,'PUTINA'),(1681,171,'ANANEA'),(1682,171,'PEDRO VILCA APAZA'),(1683,171,'QUILCAPUNCU'),(1684,171,'SINA'),(1685,172,'JULIACA'),(1686,172,'CABANA'),(1687,172,'CABANILLAS'),(1688,172,'CARACOTO'),(1689,173,'SANDIA'),(1690,173,'CUYOCUYO'),(1691,173,'LIMBANI'),(1692,173,'PATAMBUCO'),(1693,173,'PHARA'),(1694,173,'QUIACA'),(1695,173,'SAN JUAN DEL ORO'),(1696,173,'YANAHUAYA'),(1697,173,'ALTO INAMBARI'),(1698,173,'SAN PEDRO DE PUTINA PUNCO'),(1699,174,'YUNGUYO'),(1700,174,'ANAPIA'),(1701,174,'COPANI'),(1702,174,'CUTURAPI'),(1703,174,'OLLARAYA'),(1704,174,'TINICACHI'),(1705,174,'UNICACHI'),(1706,175,'MOYOBAMBA'),(1707,175,'CALZADA'),(1708,175,'HABANA'),(1709,175,'JEPELACIO'),(1710,175,'SORITOR'),(1711,175,'YANTALO'),(1712,176,'BELLAVISTA'),(1713,176,'ALTO BIAVO'),(1714,176,'BAJO BIAVO'),(1715,176,'HUALLAGA'),(1716,176,'SAN PABLO'),(1717,176,'SAN RAFAEL'),(1718,177,'SAN JOSE DE SISA'),(1719,177,'AGUA BLANCA'),(1720,177,'SAN MARTIN'),(1721,177,'SANTA ROSA'),(1722,177,'SHATOJA'),(1723,178,'SAPOSOA'),(1724,178,'ALTO SAPOSOA'),(1725,178,'EL ESLABON'),(1726,178,'PISCOYACU'),(1727,178,'SACANCHE'),(1728,178,'TINGO DE SAPOSOA'),(1729,179,'LAMAS'),(1730,179,'ALONSO DE ALVARADO'),(1731,179,'BARRANQUITA'),(1732,179,'CAYNARACHI'),(1733,179,'CUÑUMBUQUI'),(1734,179,'PINTO RECODO'),(1735,179,'RUMISAPA'),(1736,179,'SAN ROQUE DE CUMBAZA'),(1737,179,'SHANAO'),(1738,179,'TABALOSOS'),(1739,179,'ZAPATERO'),(1740,180,'JUANJUI'),(1741,180,'CAMPANILLA'),(1742,180,'HUICUNGO'),(1743,180,'PACHIZA'),(1744,180,'PAJARILLO'),(1745,181,'PICOTA'),(1746,181,'BUENOS AIRES'),(1747,181,'CASPISAPA'),(1748,181,'PILLUANA'),(1749,181,'PUCACACA'),(1750,181,'SAN CRISTOBAL'),(1751,181,'SAN HILARION'),(1752,181,'SHAMBOYACU'),(1753,181,'TINGO DE PONASA'),(1754,181,'TRES UNIDOS'),(1755,182,'RIOJA'),(1756,182,'AWAJUN'),(1757,182,'ELIAS SOPLIN VARGAS'),(1758,182,'NUEVA CAJAMARCA'),(1759,182,'PARDO MIGUEL'),(1760,182,'POSIC'),(1761,182,'SAN FERNANDO'),(1762,182,'YORONGOS'),(1763,182,'YURACYACU'),(1764,183,'TARAPOTO'),(1765,183,'ALBERTO LEVEAU'),(1766,183,'CACATACHI'),(1767,183,'CHAZUTA'),(1768,183,'CHIPURANA'),(1769,183,'EL PORVENIR'),(1770,183,'HUIMBAYOC'),(1771,183,'JUAN GUERRA'),(1772,183,'LA BANDA DE SHILCAYO'),(1773,183,'MORALES'),(1774,183,'PAPAPLAYA'),(1775,183,'SAN ANTONIO'),(1776,183,'SAUCE'),(1777,183,'SHAPAJA'),(1778,184,'TOCACHE'),(1779,184,'NUEVO PROGRESO'),(1780,184,'POLVORA'),(1781,184,'SHUNTE'),(1782,184,'UCHIZA'),(1783,185,'TACNA'),(1784,185,'ALTO DE LA ALIANZA'),(1785,185,'CALANA'),(1786,185,'CIUDAD NUEVA'),(1787,185,'INCLAN'),(1788,185,'PACHIA'),(1789,185,'PALCA'),(1790,185,'POCOLLAY'),(1791,185,'SAMA'),(1792,185,'CORONEL GREGORIO ALBARRACIN LANCHIPA'),(1793,186,'CANDARAVE'),(1794,186,'CAIRANI'),(1795,186,'CAMILACA'),(1796,186,'CURIBAYA'),(1797,186,'HUANUARA'),(1798,186,'QUILAHUANI'),(1799,187,'LOCUMBA'),(1800,187,'ILABAYA'),(1801,187,'ITE'),(1802,188,'TARATA'),(1803,188,'HEROES ALBARRACIN'),(1804,188,'ESTIQUE'),(1805,188,'ESTIQUE-PAMPA'),(1806,188,'SITAJARA'),(1807,188,'SUSAPAYA'),(1808,188,'TARUCACHI'),(1809,188,'TICACO'),(1810,189,'TUMBES'),(1811,189,'CORRALES'),(1812,189,'LA CRUZ'),(1813,189,'PAMPAS DE HOSPITAL'),(1814,189,'SAN JACINTO'),(1815,189,'SAN JUAN DE LA VIRGEN'),(1816,190,'ZORRITOS'),(1817,190,'CASITAS'),(1818,190,'CANOAS DE PUNTA SAL'),(1819,191,'ZARUMILLA'),(1820,191,'AGUAS VERDES'),(1821,191,'MATAPALO'),(1822,191,'PAPAYAL'),(1823,192,'CALLERIA'),(1824,192,'CAMPOVERDE'),(1825,192,'IPARIA'),(1826,192,'MASISEA'),(1827,192,'YARINACOCHA'),(1828,192,'NUEVA REQUENA'),(1829,192,'MANANTAY'),(1830,193,'RAYMONDI'),(1831,193,'SEPAHUA'),(1832,193,'TAHUANIA'),(1833,193,'YURUA'),(1834,194,'PADRE ABAD'),(1835,194,'IRAZOLA'),(1836,194,'CURIMANA'),(1837,195,'PURUS');